stage,records_processed,processing_time,memory_usage,error_count,throughput
extract,11200,0.5235309600830078,0.0,0,21393.19515740616
transform,11200,0.023393869400024414,0.0,0,478757.9091122186
load,11200,0.023678302764892578,0.0,0,473006.87516362243
streaming,5000,0.04964947700500488,0.0,0,976.9336002089564
